Modell;Szenario;Monat;Kunden;Umsatz;Fixkosten;Variable_Kosten;Ergebnis_vor_Steuern;Kumulierter_Cashflow
S01;konservativ;0;0;0;0;42500;-42500;-42500
S01;konservativ;1;0.0;0;1800;0;-1800;-44300
S01;konservativ;2;0.0;0;1800;0;-1800;-46100
S01;konservativ;3;0.0;0;1800;0;-1800;-47900
S01;konservativ;4;0.0;0;4300;0;-4300;-52200
S01;konservativ;5;0.0;0;4300;0;-4300;-56500
S01;konservativ;6;0.0;0;4300;0;-4300;-60800
S01;konservativ;7;1.0;3000;4700;3120;-4820;-65620
S01;konservativ;8;2.0;3492;4700;3238;-4446;-70066
S01;konservativ;9;3.0;3978;4700;3355;-4077;-74143
S01;konservativ;10;3.9;4647;4700;3632;-3685;-77828
S01;konservativ;11;4.9;5306;4700;3905;-3299;-81127
S01;konservativ;12;5.8;5955;4700;4174;-2919;-84046
S01;konservativ;13;7.7;9594;9200;7559;-7165;-91211
S01;konservativ;14;9.6;10716;9200;7938;-6421;-97632
S01;konservativ;15;11.4;11822;9200;8311;-5689;-103322
S01;konservativ;16;13.3;13101;13100;8841;-8840;-112162
S01;konservativ;17;15.1;14362;13100;9364;-8101;-120263
S01;konservativ;18;16.8;15604;13100;9878;-7374;-127637
S01;konservativ;19;19.6;19827;13900;13505;-7578;-135215
S01;konservativ;20;22.3;21525;13900;14122;-6498;-141712
S01;konservativ;21;25.0;23197;19550;14730;-11084;-152796
S01;konservativ;22;27.6;25034;19550;15492;-10007;-162803
S01;konservativ;23;30.2;26845;19550;16242;-8947;-171750
S01;konservativ;24;32.7;28628;19550;16980;-7902;-179652
S01;realistisch;0;0;0;0;36000;-36000;-36000
S01;realistisch;1;0.0;0;1800;0;-1800;-37800
S01;realistisch;2;0.0;0;1800;0;-1800;-39600
S01;realistisch;3;0.0;0;1800;0;-1800;-41400
S01;realistisch;4;0.0;0;4300;0;-4300;-45700
S01;realistisch;5;1.0;4800;4300;3130;-2630;-48330
S01;realistisch;6;2.0;5592;4300;3259;-1967;-50297
S01;realistisch;7;3.0;6376;4700;3386;-1710;-52007
S01;realistisch;8;3.9;7734;4700;3990;-955;-52962
S01;realistisch;9;4.9;9079;4700;4587;-208;-53170
S01;realistisch;10;6.9;15211;4700;8309;2202;-50968
S01;realistisch;11;8.8;17321;8600;9023;-302;-51270
S01;realistisch;12;10.7;19410;8600;9730;1080;-50190
S01;realistisch;13;12.6;22060;13100;10908;-1948;-52138
S01;realistisch;14;14.5;24684;18750;12073;-6139;-58277
S01;realistisch;15;16.3;27281;18750;13227;-4696;-62973
S01;realistisch;16;19.2;34653;18750;17500;-1597;-64570
S01;realistisch;17;22.0;37991;27300;18760;-8069;-72639
S01;realistisch;18;24.7;41295;27300;20007;-6012;-78651
S01;realistisch;19;27.5;45149;28100;21719;-4670;-83321
S01;realistisch;20;30.2;48964;33750;23414;-8200;-91521
S01;realistisch;21;33.9;57541;33750;28222;-4431;-95952
S01;realistisch;22;37.6;62072;37800;30012;-5740;-101692
S01;realistisch;23;41.2;66558;37800;31784;-3026;-104718
S01;realistisch;24;44.8;71581;37800;34016;-235;-104953
S01;ambitioniert;0;0;0;0;30000;-30000;-30000
S01;ambitioniert;1;0.0;0;1800;0;-1800;-31800
S01;ambitioniert;2;0.0;0;1800;0;-1800;-33600
S01;ambitioniert;3;0.0;0;1800;0;-1800;-35400
S01;ambitioniert;4;2.0;14400;4300;6280;3820;-31580
S01;ambitioniert;5;4.0;16783;4300;6558;5925;-25655
S01;ambitioniert;6;6.0;19150;4300;6834;8016;-17639
S01;ambitioniert;7;7.9;24437;8600;9458;6379;-11260
S01;ambitioniert;8;9.9;29687;14250;12064;3373;-7887
S01;ambitioniert;9;12.8;42101;14250;17791;10060;2173
S01;ambitioniert;10;15.7;48470;22800;20500;5170;7343
S01;ambitioniert;11;18.6;54794;28450;23189;3155;10497
S01;ambitioniert;12;21.5;62543;28450;27035;7058;17555
S01;ambitioniert;13;24.3;70237;37000;30854;2383;19938
S01;ambitioniert;14;27.1;77877;37000;34646;6232;26170
S01;ambitioniert;15;31.0;92664;42650;41551;8463;34634
S01;ambitioniert;16;34.7;101390;46700;45429;9261;43895
S01;ambitioniert;17;38.5;110054;46700;49280;14074;57969
S01;ambitioniert;18;42.2;120127;52350;54279;13498;71467
S01;ambitioniert;19;45.9;130129;57200;59243;13686;85153
S01;ambitioniert;20;49.6;140061;57200;64172;18689;103842
S01;ambitioniert;21;55.3;164323;62850;75347;26127;129968
S01;ambitioniert;22;60.9;176500;66900;80485;29115;159083
S01;ambitioniert;23;66.4;188591;66900;85588;36104;195187
S01;ambitioniert;24;72.0;203536;72550;93005;37981;233168
S02;konservativ;0;0;0;0;38500;-38500;-38500
S02;konservativ;1;0.0;0;1800;0;-1800;-40300
S02;konservativ;2;0.0;0;1800;0;-1800;-42100
S02;konservativ;3;0.0;0;1800;0;-1800;-43900
S02;konservativ;4;1.0;1929;4300;2780;-5151;-49051
S02;konservativ;5;2.0;2347;4300;2858;-4811;-53862
S02;konservativ;6;2.9;2755;4300;2934;-4479;-58341
S02;konservativ;7;3.9;3153;4700;3008;-4555;-62896
S02;konservativ;8;4.8;3540;4700;3080;-4240;-67136
S02;konservativ;9;5.6;3918;4700;3151;-3933;-71069
S02;konservativ;10;7.5;6216;4700;6000;-4484;-75553
S02;konservativ;11;9.3;6994;4700;6145;-3851;-79404
S02;konservativ;12;11.1;7752;4700;6286;-3234;-82638
S02;konservativ;13;12.8;8491;9200;6424;-7133;-89771
S02;konservativ;14;14.5;9212;9200;6558;-6547;-96318
S02;konservativ;15;16.1;9914;9200;6689;-5975;-102293
S02;konservativ;16;18.7;12528;13100;9597;-10169;-112462
S02;konservativ;17;21.2;13615;13100;9800;-9285;-121747
S02;konservativ;18;23.7;14674;13100;9997;-8423;-130170
S02;konservativ;19;26.1;15707;13900;10190;-8383;-138553
S02;konservativ;20;28.5;16713;13900;10378;-7564;-146117
S02;konservativ;21;30.8;17695;13900;10561;-6766;-152883
S02;konservativ;22;33.0;18652;13900;10739;-5987;-158870
S02;konservativ;23;35.2;19585;19550;10913;-10878;-169748
S02;konservativ;24;37.3;20495;19550;11083;-10138;-179885
S02;realistisch;0;0;0;0;30000;-30000;-30000
S02;realistisch;1;0.0;0;1800;0;-1800;-31800
S02;realistisch;2;0.0;0;1800;0;-1800;-33600
S02;realistisch;3;2.0;6658;1800;5662;-804;-34404
S02;realistisch;4;4.0;8286;4300;5919;-1933;-36337
S02;realistisch;5;5.9;9885;4300;6172;-587;-36924
S02;realistisch;6;7.8;11455;4300;6420;735;-36189
S02;realistisch;7;9.6;12997;4700;6664;1633;-34556
S02;realistisch;8;11.5;14511;8600;6903;-992;-35548
S02;realistisch;9;14.3;19327;8600;9969;758;-34790
S02;realistisch;10;17.0;21601;8600;10328;2673;-32117
S02;realistisch;11;19.7;23834;14250;10681;-1097;-33214
S02;realistisch;12;22.3;26027;14250;11028;749;-32465
S02;realistisch;13;24.9;28181;18750;11368;-1937;-34402
S02;realistisch;14;27.5;30295;18750;11702;-157;-34559
S02;realistisch;15;30.0;32372;18750;12030;1592;-32968
S02;realistisch;16;33.5;37740;27300;15184;-4743;-37711
S02;realistisch;17;36.9;40557;27300;15629;-2372;-40083
S02;realistisch;18;40.2;43323;27300;16066;-43;-40125
S02;realistisch;19;43.5;46039;33750;16495;-4206;-44331
S02;realistisch;20;46.7;48706;33750;16916;-1960;-46291
S02;realistisch;21;49.9;51326;33750;17330;245;-46046
S02;realistisch;22;53.0;53898;33750;17737;2411;-43635
S02;realistisch;23;56.0;56424;37800;18136;488;-43147
S02;realistisch;24;59.0;58904;37800;18528;2576;-40571
S02;ambitioniert;0;0;0;0;24000;-24000;-24000
S02;ambitioniert;1;0.0;0;1800;0;-1800;-25800
S02;ambitioniert;2;0.0;0;1800;0;-1800;-27600
S02;ambitioniert;3;3.0;14607;1800;8628;4179;-23421
S02;ambitioniert;4;6.0;18665;8200;9150;1315;-22106
S02;ambitioniert;5;8.9;22674;8200;9665;4809;-17297
S02;ambitioniert;6;11.8;26635;13850;10174;2610;-14687
S02;ambitioniert;7;14.6;30548;14250;10677;5621;-9066
S02;ambitioniert;8;19.5;44152;22800;16926;4426;-4640
S02;ambitioniert;9;24.2;50678;22800;17765;10112;5472
S02;ambitioniert;10;28.9;57125;28450;18594;10080;15552
S02;ambitioniert;11;33.6;63494;32500;19413;11581;27133
S02;ambitioniert;12;38.2;69787;32500;20222;17065;44198
S02;ambitioniert;13;42.7;76005;37000;21021;17983;62182
S02;ambitioniert;14;47.2;82148;42650;21811;17686;79868
S02;ambitioniert;15;53.7;97955;46700;28343;22911;102779
S02;ambitioniert;16;60.0;106656;46700;29462;30494;133274
S02;ambitioniert;17;66.3;115253;52350;30567;32336;165610
S02;ambitioniert;18;72.5;123747;52350;31659;39738;205348
S02;ambitioniert;19;78.6;132139;57200;32738;42201;247549
S02;ambitioniert;20;84.7;140431;57200;33804;49427;296976
S02;ambitioniert;21;90.7;148623;62850;34857;50915;347891
S02;ambitioniert;22;96.6;156716;62850;35898;57968;405859
S02;ambitioniert;23;102.4;164713;66900;36926;60887;466746
S02;ambitioniert;24;108.2;172613;66900;37942;67771;534517
S03;konservativ;0;0;0;0;72500;-72500;-72500
S03;konservativ;1;0.0;0;1800;0;-1800;-74300
S03;konservativ;2;0.0;0;1800;0;-1800;-76100
S03;konservativ;3;0.0;0;1800;0;-1800;-77900
S03;konservativ;4;0.0;0;4300;0;-4300;-82200
S03;konservativ;5;1.0;2382;4300;3233;-5150;-87350
S03;konservativ;6;2.0;3258;4300;3755;-4798;-92148
S03;konservativ;7;2.9;4125;4700;4268;-4842;-96990
S03;konservativ;8;3.8;4985;4700;4770;-4485;-101475
S03;konservativ;9;4.7;5837;4700;5263;-4126;-105601
S03;konservativ;10;5.6;6681;4700;5746;-3765;-109366
S03;konservativ;11;7.4;9898;4700;9453;-4254;-113620
S03;konservativ;12;9.2;11600;8600;10439;-7440;-121060
S03;konservativ;13;10.9;13284;13100;11407;-11223;-132283
S03;konservativ;14;12.6;14952;13100;12356;-10504;-142786
S03;konservativ;15;14.2;16602;13100;13285;-9783;-152570
S03;konservativ;16;15.8;18234;18750;14197;-14713;-167283
S03;konservativ;17;18.3;21756;18750;17995;-14989;-182271
S03;konservativ;18;20.8;23753;18750;19070;-14068;-196339
S03;konservativ;19;23.1;25724;19550;20124;-13950;-210289
S03;konservativ;20;25.4;27670;19550;21156;-13037;-223326
S03;konservativ;21;27.7;29589;28100;22167;-20678;-244004
S03;konservativ;22;29.8;31483;28100;23157;-19774;-263778
S03;konservativ;23;31.9;32876;28100;23799;-19023;-282801
S03;konservativ;24;34.0;34244;28100;24426;-18282;-301083
S03;realistisch;0;0;0;0;55000;-55000;-55000
S03;realistisch;1;0.0;0;1800;0;-1800;-56800
S03;realistisch;2;0.0;0;1800;0;-1800;-58600
S03;realistisch;3;0.0;0;1800;0;-1800;-60400
S03;realistisch;4;2.0;8198;4300;7018;-3120;-63520
S03;realistisch;5;4.0;11410;4300;8625;-1514;-65034
S03;realistisch;6;5.9;14635;8200;10219;-3784;-68818
S03;realistisch;7;7.8;17871;8600;11803;-2531;-71349
S03;realistisch;8;9.6;21116;14250;13374;-6507;-77857
S03;realistisch;9;11.4;24368;14250;14933;-4814;-82671
S03;realistisch;10;14.2;31726;14250;19988;-2513;-85184
S03;realistisch;11;16.9;36594;22800;22326;-8532;-93715
S03;realistisch;12;19.6;41472;22800;24645;-5973;-99688
S03;realistisch;13;22.2;46357;32950;26946;-13539;-113227
S03;realistisch;14;24.7;51246;32950;29228;-10932;-124159
S03;realistisch;15;27.2;56137;37000;31490;-12353;-136513
S03;realistisch;16;30.7;63088;37000;36076;-9988;-146500
S03;realistisch;17;34.1;67523;37000;37943;-7420;-153920
S03;realistisch;18;37.4;71943;42650;39792;-10500;-164420
S03;realistisch;19;40.6;76345;43450;41623;-8729;-173148
S03;realistisch;20;43.8;80728;47500;43436;-10208;-183357
S03;realistisch;21;47.0;85092;47500;45231;-7639;-190996
S03;realistisch;22;50.0;88415;47500;46425;-5509;-196506
S03;realistisch;23;53.0;91707;47500;47603;-3396;-199902
S03;realistisch;24;56.0;94967;47500;48767;-1300;-201202
S03;ambitioniert;0;0;0;0;42500;-42500;-42500
S03;ambitioniert;1;0.0;0;1800;0;-1800;-44300
S03;ambitioniert;2;0.0;0;1800;0;-1800;-46100
S03;ambitioniert;3;3.0;18672;5700;11738;1234;-44866
S03;ambitioniert;4;6.0;27005;13850;15383;-2228;-47093
S03;ambitioniert;5;8.9;35495;13850;19036;2608;-44485
S03;ambitioniert;6;11.8;44136;22400;22696;-961;-45446
S03;ambitioniert;7;14.6;52923;28450;26363;-1890;-47336
S03;ambitioniert;8;17.5;61852;32500;30034;-682;-48018
S03;ambitioniert;9;21.3;77142;38150;37623;1369;-46649
S03;ambitioniert;10;25.0;89118;42200;42519;4399;-42250
S03;ambitioniert;11;28.7;101274;42200;47420;11654;-30596
S03;ambitioniert;12;32.4;113604;47850;52327;13427;-17169
S03;ambitioniert;13;36.0;126102;56400;57238;12464;-4705
S03;ambitioniert;14;39.5;138763;62050;62153;14560;9855
S03;ambitioniert;15;45.1;157994;62050;71930;24013;33868
S03;ambitioniert;16;50.5;170331;66100;76305;27925;61794
S03;ambitioniert;17;55.9;182770;71750;80678;30342;92136
S03;ambitioniert;18;61.2;195308;71750;85048;38510;130645
S03;ambitioniert;19;66.5;207939;76600;89414;41925;172570
S03;ambitioniert;20;71.7;220660;76600;93776;50284;222854
S03;ambitioniert;21;76.9;231456;82250;97146;52060;274914
S03;ambitioniert;22;81.9;242282;82250;100506;59526;334440
S03;ambitioniert;23;86.9;253138;82250;103859;67030;401470
S03;ambitioniert;24;91.9;264021;82250;107202;74569;476039
S04;konservativ;0;0;0;0;29500;-29500;-29500
S04;konservativ;1;0.0;0;1800;0;-1800;-31300
S04;konservativ;2;0.0;0;1800;0;-1800;-33100
S04;konservativ;3;0.0;0;1800;0;-1800;-34900
S04;konservativ;4;0.0;0;4300;0;-4300;-39200
S04;konservativ;5;0.0;0;4300;0;-4300;-43500
S04;konservativ;6;1.0;595;4300;1928;-5633;-49133
S04;konservativ;7;2.0;1264;4700;2289;-5725;-54857
S04;konservativ;8;3.0;2006;4700;2683;-5377;-60234
S04;konservativ;9;3.9;2820;4700;3110;-4990;-65224
S04;konservativ;10;4.9;3704;4700;3569;-4565;-69790
S04;konservativ;11;5.9;4656;4700;4059;-4103;-73893
S04;konservativ;12;7.8;6270;4700;6506;-4937;-78830
S04;konservativ;13;9.7;8023;13100;7418;-12494;-91324
S04;konservativ;14;11.6;9914;13100;8391;-11577;-102901
S04;konservativ;15;13.5;11939;13100;9426;-10586;-113487
S04;konservativ;16;15.4;14096;13100;10520;-9524;-123011
S04;konservativ;17;17.2;16381;18750;11672;-14041;-137052
S04;konservativ;18;20.0;18946;18750;14554;-14358;-151410
S04;konservativ;19;22.8;21643;19550;15895;-13802;-165212
S04;konservativ;20;25.6;24467;19550;17294;-12378;-177590
S04;konservativ;21;28.4;27415;28100;18750;-19435;-197025
S04;konservativ;22;31.1;30486;28100;20261;-17875;-214900
S04;konservativ;23;33.8;33676;28100;21827;-16250;-231150
S04;konservativ;24;36.4;36544;33750;23190;-20397;-251547
S04;realistisch;0;0;0;0;25000;-25000;-25000
S04;realistisch;1;0.0;0;1800;0;-1800;-26800
S04;realistisch;2;0.0;0;1800;0;-1800;-28600
S04;realistisch;3;0.0;0;1800;0;-1800;-30400
S04;realistisch;4;0.0;0;4300;0;-4300;-34700
S04;realistisch;5;2.0;2258;4300;4157;-6199;-40899
S04;realistisch;6;4.0;4798;4300;5206;-4708;-45607
S04;realistisch;7;6.0;7616;4700;6346;-3430;-49037
S04;realistisch;8;7.9;10708;8600;7577;-5469;-54505
S04;realistisch;9;9.9;14071;8600;8896;-3425;-57931
S04;realistisch;10;11.8;17699;14250;10302;-6854;-64784
S04;realistisch;11;14.7;22718;14250;13873;-5405;-70189
S04;realistisch;12;17.6;28137;22800;15975;-10638;-80827
S04;realistisch;13;20.5;33950;27300;18206;-11556;-92383
S04;realistisch;14;23.3;40150;32950;20564;-13364;-105747
S04;realistisch;15;26.2;46733;37000;23048;-13315;-119062
S04;realistisch;16;29.0;53691;37000;25654;-8963;-128025
S04;realistisch;17;32.8;60349;42650;29665;-11966;-139991
S04;realistisch;18;36.6;67251;42650;32155;-7554;-147545
S04;realistisch;19;40.3;74395;47500;34725;-7831;-155376
S04;realistisch;20;44.0;81776;47500;37373;-3097;-158473
S04;realistisch;21;47.7;89391;47500;40097;1794;-156679
S04;realistisch;22;51.4;97237;53150;42897;1190;-155489
S04;realistisch;23;55.0;104409;57200;45373;1836;-153653
S04;realistisch;24;58.6;111673;57200;47879;6594;-147059
S04;ambitioniert;0;0;0;0;21000;-21000;-21000
S04;ambitioniert;1;0.0;0;1800;0;-1800;-22800
S04;ambitioniert;2;0.0;0;1800;0;-1800;-24600
S04;ambitioniert;3;0.0;0;1800;0;-1800;-26400
S04;ambitioniert;4;3.0;6687;4300;7085;-4698;-31098
S04;ambitioniert;5;6.0;14201;8200;9570;-3569;-34667
S04;ambitioniert;6;9.0;22536;13850;12253;-3567;-38234
S04;ambitioniert;7;11.9;31685;22800;15134;-6249;-44482
S04;ambitioniert;8;14.9;41641;28450;18209;-5018;-49500
S04;ambitioniert;9;17.8;52398;32500;21478;-1580;-51080
S04;ambitioniert;10;22.7;68407;38150;29662;595;-50485
S04;ambitioniert;11;27.7;85755;42200;34970;8585;-41900
S04;ambitioniert;12;32.5;104431;51900;40598;11932;-29967
S04;ambitioniert;13;37.4;124424;62050;46546;15829;-14139
S04;ambitioniert;14;42.3;145724;66100;52809;26816;12677
S04;ambitioniert;15;47.1;168319;71750;59385;37185;49862
S04;ambitioniert;16;53.9;190854;75800;68960;46094;95956
S04;ambitioniert;17;60.7;214423;81450;75585;57388;153344
S04;ambitioniert;18;67.5;239019;81450;82458;75111;228455
S04;ambitioniert;19;74.2;264633;82250;89577;92806;321261
S04;ambitioniert;20;80.9;291256;82250;96940;112066;433327
S04;ambitioniert;21;87.6;318880;82250;104545;132085;565413
S04;ambitioniert;22;94.2;343627;82250;111032;150345;715757
S04;ambitioniert;23;100.8;368831;82250;117630;168951;884708
S04;ambitioniert;24;107.4;394487;82250;124337;187900;1072608
S13;konservativ;0;0;0;0;28500;-28500;-28500
S13;konservativ;1;0.0;0;1800;0;-1800;-30300
S13;konservativ;2;0.0;0;1800;0;-1800;-32100
S13;konservativ;3;3.0;5409;1800;5424;-1815;-33915
S13;konservativ;4;5.8;6273;4300;5874;-3902;-37817
S13;konservativ;5;8.6;7093;4300;6302;-3509;-41326
S13;konservativ;6;11.1;7872;4300;6708;-3136;-44462
S13;konservativ;7;16.6;14022;4700;12519;-3197;-47659
S13;konservativ;8;21.7;15589;4700;13336;-2447;-50106
S13;konservativ;9;26.7;17077;8600;14112;-5635;-55741
S13;konservativ;10;31.3;18491;8600;14849;-4958;-60699
S13;konservativ;11;35.8;19835;8600;15550;-4315;-65014
S13;konservativ;12;40.0;21111;8600;16215;-3704;-68718
S13;konservativ;13;48.0;29535;13100;24080;-7644;-76362
S13;konservativ;14;55.6;31839;18750;25281;-12192;-88554
S13;konservativ;15;62.8;34027;18750;26422;-11145;-99699
S13;konservativ;16;69.7;36105;18750;27505;-10150;-109849
S13;konservativ;17;76.2;38080;18750;28535;-9205;-119054
S13;konservativ;18;82.4;39956;18750;29513;-8307;-127361
S13;konservativ;19;92.2;48950;28100;37675;-16824;-144186
S13;konservativ;20;101.6;51795;28100;39158;-15463;-159649
S13;konservativ;21;110.6;54497;28100;40567;-14170;-173819
S13;konservativ;22;119.0;57064;33750;41906;-18592;-192411
S13;konservativ;23;127.1;59503;33750;43177;-17424;-209835
S13;konservativ;24;134.7;61820;33750;44386;-16316;-226151
S13;realistisch;0;0;0;0;24000;-24000;-24000
S13;realistisch;1;0.0;0;1800;0;-1800;-25800
S13;realistisch;2;0.0;0;1800;0;-1800;-27600
S13;realistisch;3;5.0;12200;1800;9210;1190;-26410
S13;realistisch;4;9.8;14709;4300;10136;273;-26137
S13;realistisch;5;14.5;17130;4300;11030;1800;-24338
S13;realistisch;6;19.0;19467;8200;11893;-626;-24964
S13;realistisch;7;27.3;31481;8600;20094;2788;-22176
S13;realistisch;8;35.4;35664;14250;21638;-224;-22400
S13;realistisch;9;43.1;39701;14250;23128;2322;-20078
S13;realistisch;10;50.6;43596;22800;24567;-3771;-23848
S13;realistisch;11;57.8;47355;22800;25955;-1400;-25248
S13;realistisch;12;64.8;50982;22800;27294;888;-24360
S13;realistisch;13;76.5;66683;32950;37796;-4064;-28423
S13;realistisch;14;87.9;72570;37000;39970;-4400;-32823
S13;realistisch;15;98.8;78251;37000;42068;-817;-33641
S13;realistisch;16;109.3;83733;37000;44092;2641;-31000
S13;realistisch;17;119.5;89023;42650;46045;328;-30672
S13;realistisch;18;129.3;94128;42650;47930;3548;-27124
S13;realistisch;19;144.8;113694;47500;60801;5393;-21731
S13;realistisch;20;159.7;121459;47500;63668;10291;-11440
S13;realistisch;21;174.1;128952;53150;66434;9367;-2073
S13;realistisch;22;188.0;136182;53150;69104;13928;11855
S13;realistisch;23;201.5;143160;57200;71681;14279;26135
S13;realistisch;24;214.4;149893;57200;74167;18527;44661
S13;ambitioniert;0;0;0;0;20000;-20000;-20000
S13;ambitioniert;1;0.0;0;1800;0;-1800;-21800
S13;ambitioniert;2;0.0;0;1800;0;-1800;-23600
S13;ambitioniert;3;8.0;27200;1800;15120;10280;-13320
S13;ambitioniert;4;15.8;34256;8200;17002;9054;-4266
S13;ambitioniert;5;23.5;41171;13850;18846;8475;4210
S13;ambitioniert;6;31.1;47947;22400;20653;4895;9105
S13;ambitioniert;7;44.4;74989;28450;33764;12775;21879
S13;ambitioniert;8;57.5;86789;32500;36910;17378;39258
S13;ambitioniert;9;70.4;98353;38150;39994;20209;59467
S13;ambitioniert;10;83.0;109686;42200;43016;24470;83936
S13;ambitioniert;11;95.3;120792;42200;45978;32614;116551
S13;ambitioniert;12;107.4;131676;47850;48880;34946;151497
S13;ambitioniert;13;127.3;169543;56400;66845;46298;197795
S13;ambitioniert;14;146.7;187052;62050;71514;53488;251283
S13;ambitioniert;15;165.8;204211;66100;76090;62021;313304
S13;ambitioniert;16;184.5;221027;71750;80574;68703;382007
S13;ambitioniert;17;202.8;237506;75800;84968;76738;458745
S13;ambitioniert;18;220.7;253656;75800;89275;88581;547326
S13;ambitioniert;19;246.3;296683;82250;108615;105817;653143
S13;ambitioniert;20;271.4;319249;82250;114633;122366;775510
S13;ambitioniert;21;296.0;341364;82250;120530;138584;914093
S13;ambitioniert;22;320.0;363037;82250;126310;154477;1068571
S13;ambitioniert;23;343.6;384276;82250;131974;170053;1238623
S13;ambitioniert;24;366.8;405091;82250;137524;185317;1423940
